GROUP,PACKAGE,CLASS,INSTRUCTION_MISSED,INSTRUCTION_COVERED,BRANCH_MISSED,BRANCH_COVERED,LINE_MISSED,LINE_COVERED,COMPLEXITY_MISSED,COMPLEXITY_COVERED,METHOD_MISSED,METHOD_COVERED
persistence_g1_3,edu.uga.miage.m1.polygons.gui,JDrawingFrame,268,313,33,8,66,75,35,6,14,5
persistence_g1_3,edu.uga.miage.m1.polygons.gui,GUIHelper.new WindowAdapter() {...},6,0,0,0,3,0,2,0,2,0
persistence_g1_3,edu.uga.miage.m1.polygons.gui,App,6,0,0,0,3,0,2,0,2,0
persistence_g1_3,edu.uga.miage.m1.polygons.gui,JDrawingFrame.Shapes,0,27,0,0,0,2,0,1,0,1
persistence_g1_3,edu.uga.miage.m1.polygons.gui,JDrawingFrame.ShapeActionListener,3,45,1,3,1,10,1,3,0,2
persistence_g1_3,edu.uga.miage.m1.polygons.gui,GUIHelper,18,0,0,0,6,0,1,0,1,0
persistence_g1_3,edu.uga.miage.m1.polygons.gui.persistence,JSonVisitor,10,44,0,0,2,11,1,6,1,6
persistence_g1_3,edu.uga.miage.m1.polygons.gui.persistence,XMLVisitor,10,58,0,0,2,11,1,6,1,6
persistence_g1_3,edu.uga.miage.m1.polygons.gui.command,RevokeControl,4,6,0,0,2,3,1,1,1,1
persistence_g1_3,edu.uga.miage.m1.polygons.gui.command,Revoke,4,6,0,0,2,3,1,1,1,1
persistence_g1_3,edu.uga.miage.m1.polygons.gui.shapes,Triangle,134,19,2,0,18,6,3,3,2,3
persistence_g1_3,edu.uga.miage.m1.polygons.gui.shapes,Square,69,19,0,0,11,6,2,3,2,3
persistence_g1_3,edu.uga.miage.m1.polygons.gui.shapes,Cube,45,0,0,0,14,0,6,0,6,0
persistence_g1_3,edu.uga.miage.m1.polygons.gui.shapes,Circle,65,23,0,0,9,8,1,4,1,4
